Index,title,author,rating,complete_link,Final
0,Fundamentals of Data Engineering: Plan and Build Robust Data Systems,"Joe Reis,Matt Housley",10.0,https://www.amazon.com/Fundamentals-Data-Engineering-Robust-Systems/dp/1098108302/ref=sr_1_11?crid=1IWIG31DNPO6P&keywords=data+science&qid=1663447969&sprefix=data+science%2Caps%2C586&sr=8-11,"Fundamentals of Data Engineering: Plan and Build Robust Data SystemsJoe Reis,Matt Housley"
1,Effective Data Science Infrastructure: How to make data scientists productive,Ville Tuulos,10.0,https://www.amazon.com/Effective-Data-Science-Infrastructure-scientists/dp/1617299197/ref=sr_1_51?crid=1IWIG31DNPO6P&keywords=data+science&qid=1663447969&sprefix=data+science%2Caps%2C586&sr=8-51,Effective Data Science Infrastructure: How to make data scientists productiveVille Tuulos
2,Be Data Driven: How Organizations Can Harness the Power of Data,Jordan Morrow,10.0,https://www.amazon.com/Be-Data-Driven-Organizations-Harness/dp/139860612X/ref=sr_1_42?crid=1IWIG31DNPO6P&keywords=data+science&qid=1663447969&sprefix=data+science%2Caps%2C586&sr=8-42,Be Data Driven: How Organizations Can Harness the Power of DataJordan Morrow
3,Python for Data Analysis: Data Wrangling with pandas NumPy and Jupyter,Wes McKinney,10.0,https://www.amazon.com/Python-Data-Analysis-Wrangling-Jupyter/dp/109810403X/ref=sr_1_30?crid=1IWIG31DNPO6P&keywords=data+science&qid=1663447969&sprefix=data+science%2Caps%2C586&sr=8-30,Python for Data Analysis: Data Wrangling with pandas NumPy and JupyterWes McKinney
4,Data Science Ethics: Concepts Techniques and Cautionary Tales,David Martens,10.0,https://www.amazon.com/Data-Science-Ethics-Techniques-Cautionary/dp/0192847279/ref=sr_1_102?crid=2YKZLS0CJFDGI&keywords=data+science&qid=1663447986&sprefix=data+science%2Caps%2C828&sr=8-102,Data Science Ethics: Concepts Techniques and Cautionary TalesDavid Martens
5,Simplify Big Data Analytics with Amazon EMR: A beginners guide to learning and implementing Amazon EMR for building data analytics solutions,Sakti Mishra,10.0,https://www.amazon.com/Simplify-Big-Data-Analytics-Amazon/dp/1801071071/ref=sr_1_91?crid=2YKZLS0CJFDGI&keywords=data+science&qid=1663447986&sprefix=data+science%2Caps%2C828&sr=8-91,Simplify Big Data Analytics with Amazon EMR: A beginners guide to learning and implementing Amazon EMR for building data analytics solutionsSakti Mishra
6,SQL for Data Analytics: Harness the power of SQL to extract insights from data 3rd Edition,"Jun Shan,Matt Goldwasser et al.",10.0,https://www.amazon.com/SQL-Data-Analytics-Harness-insights/dp/180181287X/ref=sr_1_88?crid=2YKZLS0CJFDGI&keywords=data+science&qid=1663447986&sprefix=data+science%2Caps%2C828&sr=8-88,"SQL for Data Analytics: Harness the power of SQL to extract insights from data 3rd EditionJun Shan,Matt Goldwasser et al."
7,Communicating with Data: Making Your Case With Data,Carl Allchin,10.0,https://www.amazon.com/Communicating-Data-Making-Your-Case/dp/1098101855/ref=sr_1_85?crid=2YKZLS0CJFDGI&keywords=data+science&qid=1663447986&sprefix=data+science%2Caps%2C828&sr=8-85,Communicating with Data: Making Your Case With DataCarl Allchin
8,Data Analytics: A Small Data Approach (Chapman & Hall/CRC Data Science Series),,10.0,https://www.amazon.com/Data-Analytics-Approach-Chapman-Science/dp/0367609509/ref=sr_1_111?crid=2YKZLS0CJFDGI&keywords=data+science&qid=1663447999&sprefix=data+science%2Caps%2C828&sr=8-111,Data Analytics: A Small Data Approach (Chapman & Hall/CRC Data Science Series)
9,Video Data Analysis: How to Use 21st Century Video in the Social Sciences,"Anne Nassauer,Nicolas M. Legewie",10.0,https://www.amazon.com/Video-Data-Analysis-Century-Sciences/dp/1529722454/ref=sr_1_150?crid=2YKZLS0CJFDGI&keywords=data+science&qid=1663447999&sprefix=data+science%2Caps%2C828&sr=8-150,"Video Data Analysis: How to Use 21st Century Video in the Social SciencesAnne Nassauer,Nicolas M. Legewie"
10,Comet for Data Science: Enhance your ability to manage and optimize the life cycle of your data science project,"Angelica Lo Duca,Gideon Mendels",10.0,https://www.amazon.com/Comet-Data-Science-Enhance-optimize/dp/1801814430/ref=sr_1_124?crid=2YKZLS0CJFDGI&keywords=data+science&qid=1663447999&sprefix=data+science%2Caps%2C828&sr=8-124,"Comet for Data Science: Enhance your ability to manage and optimize the life cycle of your data science projectAngelica Lo Duca,Gideon Mendels"
11,Optimization for Data Analysis,"Stephen J. Wright,Benjamin Recht",10.0,https://www.amazon.com/Optimization-Data-Analysis-Stephen-Wright/dp/1316518981/ref=sr_1_125?crid=2YKZLS0CJFDGI&keywords=data+science&qid=1663447999&sprefix=data+science%2Caps%2C828&sr=8-125,"Optimization for Data AnalysisStephen J. Wright,Benjamin Recht"
12,Guide to Data Science: Brief Introduction to the Quirky World of Data,Aryan Goyal,10.0,https://www.amazon.com/Guide-Data-Science-Introduction-Quirky/dp/B0B9PR49KN/ref=sr_1_193?crid=2YKZLS0CJFDGI&keywords=data+science&qid=1663448020&sprefix=data+science%2Caps%2C828&sr=8-193,Guide to Data Science: Brief Introduction to the Quirky World of DataAryan Goyal
13,Introduction to Computation: Haskell Logic and Automata (Undergraduate Topics in Computer Science),,10.0,https://www.amazon.com/Introduction-to-ComputationHaskell_-Logic-and-Automata-Undergraduate-Topics-in-Computer-Science/dp/3030769070/ref=sr_1_190?crid=2YKZLS0CJFDGI&keywords=data+science&qid=1663448020&sprefix=data+science%2Caps%2C828&sr=8-190,Introduction to Computation: Haskell Logic and Automata (Undergraduate Topics in Computer Science)
14,Integrating Data,"Bill Inmon,Patty Haines et al.",10.0,https://www.amazon.com/Integrating-Data-Bill-Inmon/dp/1634622820/ref=sr_1_186?crid=2YKZLS0CJFDGI&keywords=data+science&qid=1663448020&sprefix=data+science%2Caps%2C828&sr=8-186,"Integrating DataBill Inmon,Patty Haines et al."
15,Data Science for Librarians (Library and Information Science Text Series),,10.0,https://www.amazon.com/Data-Science-Librarians-Yunfei-Du/dp/1440871213/ref=sr_1_234?crid=2YKZLS0CJFDGI&keywords=data+science&qid=1663448033&sprefix=data+science%2Caps%2C828&sr=8-234,Data Science for Librarians (Library and Information Science Text Series)
16,Scalable Data Analytics with Azure Data Explorer: Modern ways to query analyze and perform real-time data analysis on large volumes of data,"Jason Myerscough,Arunee Singhchawla",10.0,https://www.amazon.com/gp/slredirect/picassoRedirect.html/ref=pa_sp_mtf_aps_sr_pg5_1?ie=UTF8&adId=A054002311769YDNXLEY9&url=%2FScalable-Data-Analytics-Azure-Explorer%2Fdp%2F1801078548%2Fref%3Dsr_1_225_sspa%3Fcrid%3D2YKZLS0CJFDGI%26keywords%3Ddata%2Bscience%26qid%3D1663448033%26sprefix%3Ddata%2Bscience%252Caps%252C828%26sr%3D8-225-spons%26psc%3D1&qualifier=1663448033&id=4081593171667701&widgetName=sp_mtf,"Scalable Data Analytics with Azure Data Explorer: Modern ways to query analyze and perform real-time data analysis on large volumes of dataJason Myerscough,Arunee Singhchawla"
17,Pre-K-12 Guidelines for Assessment and Instruction in Statistics Education II (GAISE II): A Framework for Statistics and Data Science Education,"Anna Bargagliotti,Christine Franklin et al.",10.0,https://www.amazon.com/Guidelines-Assessment-Instruction-Statistics-Education/dp/1734223510/ref=sr_1_287?crid=2YKZLS0CJFDGI&keywords=data+science&qid=1663448047&sprefix=data+science%2Caps%2C828&sr=8-287,"Pre-K-12 Guidelines for Assessment and Instruction in Statistics Education II (GAISE II): A Framework for Statistics and Data Science EducationAnna Bargagliotti,Christine Franklin et al."
18,Learning Tableau 2022,"Joshua N. Milligan,Blair Hutchinson et al.",10.0,https://www.amazon.com/Learning-Tableau-2022-Joshua-Milligan/dp/1801072329/ref=sr_1_294?crid=2YKZLS0CJFDGI&keywords=data+science&qid=1663448047&sprefix=data+science%2Caps%2C828&sr=8-294,"Learning Tableau 2022Joshua N. Milligan,Blair Hutchinson et al."
19,Machine Learning Bookcamp: Build a portfolio of real-life projects,Alexey Grigorev,10.0,https://www.amazon.com/Machine-Learning-Bookcamp-portfolio-real-life/dp/1617296813/ref=sr_1_252?crid=2YKZLS0CJFDGI&keywords=data+science&qid=1663448047&sprefix=data+science%2Caps%2C828&sr=8-252,Machine Learning Bookcamp: Build a portfolio of real-life projectsAlexey Grigorev
20,Fundamentals of Data Science Part I: Inference and Experiment,Jared M Maruskin,10.0,https://www.amazon.com/Fundamentals-Data-Science-Part-Experiment/dp/1941043119/ref=sr_1_207?crid=2YKZLS0CJFDGI&keywords=data+science&qid=1663448033&sprefix=data+science%2Caps%2C828&sr=8-207,Fundamentals of Data Science Part I: Inference and ExperimentJared M Maruskin
21,Data-Driven Evolutionary Optimization: Integrating Evolutionary Computation Machine Learning and Data Science (Studies in Computational Intelligence 975),,10.0,https://www.amazon.com/Data-Driven-Evolutionary-Optimization-Computational-Intelligence/dp/3030746399/ref=sr_1_204?crid=2YKZLS0CJFDGI&keywords=data+science&qid=1663448033&sprefix=data+science%2Caps%2C828&sr=8-204,Data-Driven Evolutionary Optimization: Integrating Evolutionary Computation Machine Learning and Data Science (Studies in Computational Intelligence 975)
22,Building Data Science Solutions with Anaconda: A comprehensive starter guide to building robust and complete models,"Dan Meador,Kevin Goldsmith",10.0,https://www.amazon.com/gp/slredirect/picassoRedirect.html/ref=pa_sp_mtf_aps_sr_pg5_1?ie=UTF8&adId=A03218092HN8S0ECTJTVX&url=%2FBuilding-Data-Science-Solutions-Anaconda%2Fdp%2F1800568789%2Fref%3Dsr_1_210_sspa%3Fcrid%3D2YKZLS0CJFDGI%26keywords%3Ddata%2Bscience%26qid%3D1663448033%26sprefix%3Ddata%2Bscience%252Caps%252C828%26sr%3D8-210-spons%26psc%3D1&qualifier=1663448033&id=4081593171667701&widgetName=sp_mtf,"Building Data Science Solutions with Anaconda: A comprehensive starter guide to building robust and complete modelsDan Meador,Kevin Goldsmith"
23,Mastering TensorFlow 2.x: Implement Powerful Neural Nets across Structured Unstructured datasets and Time Series Data (English Edition),Rajdeep Dua,10.0,https://www.amazon.com/gp/slredirect/picassoRedirect.html/ref=pa_sp_atf_next_aps_sr_pg5_1?ie=UTF8&adId=A04058533TB8PU0UGVTTX&url=%2FMastering-TensorFlow-2-x-Structured-Unstructured%2Fdp%2F9391392229%2Fref%3Dsr_1_196_sspa%3Fcrid%3D2YKZLS0CJFDGI%26keywords%3Ddata%2Bscience%26qid%3D1663448033%26sprefix%3Ddata%2Bscience%252Caps%252C828%26sr%3D8-196-spons%26psc%3D1&qualifier=1663448033&id=4081593171667701&widgetName=sp_atf_next,Mastering TensorFlow 2.x: Implement Powerful Neural Nets across Structured Unstructured datasets and Time Series Data (English Edition)Rajdeep Dua
24,Game Data Science,"Magy Seif El-Nasr,Truong-Huy D. Nguyen et al.",10.0,https://www.amazon.com/Game-Data-Science-Magy-El-Nasr/dp/019289787X/ref=sr_1_159?crid=2YKZLS0CJFDGI&keywords=data+science&qid=1663448020&sprefix=data+science%2Caps%2C828&sr=8-159,"Game Data ScienceMagy Seif El-Nasr,Truong-Huy D. Nguyen et al."
25,Guerrilla Data Analysis Using Microsoft Excel: Overcoming Crap Data and Excel Skirmishes,"Oz du Soleil,Bill Jelen",10.0,https://www.amazon.com/Guerrilla-Analysis-Using-Microsoft-Excel/dp/1615470743/ref=sr_1_12?keywords=data+analysis&qid=1663454597&sr=8-12,"Guerrilla Data Analysis Using Microsoft Excel: Overcoming Crap Data and Excel SkirmishesOz du Soleil,Bill Jelen"
26,Topological Data Analysis with Applications,"Gunnar Carlsson,Mikael Vejdemo-Johansson",10.0,https://www.amazon.com/Topological-Analysis-Applications-Gunnar-Carlsson/dp/1108838650/ref=sr_1_39?keywords=data+analysis&qid=1663454597&sr=8-39,"Topological Data Analysis with ApplicationsGunnar Carlsson,Mikael Vejdemo-Johansson"
27,Social Statistics: Managing Data Conducting Analyses Presenting Results (Sociology Re-Wired),Thomas J. Linneman,10.0,https://www.amazon.com/Social-Statistics-Conducting-Presenting-Sociology/dp/1032115289/ref=sr_1_140?keywords=data+analysis&qid=1663454623&sr=8-140,Social Statistics: Managing Data Conducting Analyses Presenting Results (Sociology Re-Wired)Thomas J. Linneman
28,Applying Quantitative Bias Analysis to Epidemiologic Data (Statistics for Biology and Health),,10.0,https://www.amazon.com/Applying-Quantitative-Bias-Analysis-to-Epidemiologic-Data-_Statistics-for-Biology-and-Health_/dp/3030826724/ref=sr_1_122?keywords=data+analysis&qid=1663454623&sr=8-122,Applying Quantitative Bias Analysis to Epidemiologic Data (Statistics for Biology and Health)
29,Problem Solving and Data Analysis: Sat Math Practice Test,Educational Testing Group,10.0,https://www.amazon.com/Problem-Solving-Data-Analysis-Practice/dp/171779369X/ref=sr_1_172?keywords=data+analysis&qid=1663454642&sr=8-172,Problem Solving and Data Analysis: Sat Math Practice TestEducational Testing Group
30,Spatial Data Analysis: Models Methods and Techniques (SpringerBriefs in Regional Science),,10.0,https://www.amazon.com/Spatial-Data-Analysis-Techniques-SpringerBriefs/dp/3642217192/ref=sr_1_193?keywords=data+analysis&qid=1663454642&sr=8-193,Spatial Data Analysis: Models Methods and Techniques (SpringerBriefs in Regional Science)
31,Introduction to Data Analytics for Accounting (International edition) Textbook only,Ryan A. Teeter Vernon Richardson Katie L. Terrell,10.0,https://www.amazon.com/Introduction-Analytics-Accounting-International-Textbook/dp/1260590836/ref=sr_1_246?keywords=data+analysis&qid=1663454656&sr=8-246,Introduction to Data Analytics for Accounting (International edition) Textbook onlyRyan A. Teeter Vernon Richardson Katie L. Terrell
32,Adverse Impact Analysis: Understanding Data Statistics and Risk,"Scott B. Morris,Eric M. Dunleavy",10.0,https://www.amazon.com/Adverse-Impact-Analysis-Understanding-Statistics/dp/1138855855/ref=sr_1_244?keywords=data+analysis&qid=1663454656&sr=8-244,"Adverse Impact Analysis: Understanding Data Statistics and RiskScott B. Morris,Eric M. Dunleavy"
33,In-Memory Analytics with Apache Arrow: Perform fast and efficient data analytics on both flat and hierarchical structured data,"Matthew Topol,Wes McKinney",10.0,https://www.amazon.com/gp/slredirect/picassoRedirect.html/ref=pa_sp_mtf_aps_sr_pg5_1?ie=UTF8&adId=A09728803RJKZK3BT8KO2&url=%2FMemory-Analytics-Apache-Arrow-hierarchical%2Fdp%2F1801071039%2Fref%3Dsr_1_225_sspa%3Fkeywords%3Ddata%2Banalysis%26qid%3D1663454656%26sr%3D8-225-spons%26psc%3D1&qualifier=1663454656&id=8998586767692949&widgetName=sp_mtf,"In-Memory Analytics with Apache Arrow: Perform fast and efficient data analytics on both flat and hierarchical structured dataMatthew Topol,Wes McKinney"
34,Numerical Methods Using Java: For Data Science Analysis and Engineering,Haksun Li PhD,10.0,https://www.amazon.com/Numerical-Methods-Using-Java-Engineering/dp/1484267966/ref=sr_1_220?keywords=data+analysis&qid=1663454656&sr=8-220,Numerical Methods Using Java: For Data Science Analysis and EngineeringHaksun Li PhD
35,DATA ANALYTICS: Simple and Effective Tips and Tricks to Learn Data Analytics Effectively,Benjamin Smith,10.0,https://www.amazon.com/gp/slredirect/picassoRedirect.html/ref=pa_sp_mtf_aps_sr_pg5_1?ie=UTF8&adId=A01283821OUMQMARYV9MZ&url=%2FDATA-ANALYTICS-Effective-Analytics-Effectively%2Fdp%2FB08GLWB38K%2Fref%3Dsr_1_212_sspa%3Fkeywords%3Ddata%2Banalysis%26qid%3D1663454656%26sr%3D8-212-spons%26psc%3D1&qualifier=1663454656&id=8998586767692949&widgetName=sp_mtf,DATA ANALYTICS: Simple and Effective Tips and Tricks to Learn Data Analytics EffectivelyBenjamin Smith
36,The Data Revolution: A Critical Analysis of Big Data Open Data and Data Infrastructures,Rob Kitchin,10.0,https://www.amazon.com/Data-Revolution-Critical-Analysis-Infrastructures/dp/1529733758/ref=sr_1_157?keywords=data+analysis&qid=1663454642&sr=8-157,The Data Revolution: A Critical Analysis of Big Data Open Data and Data InfrastructuresRob Kitchin
37,Inside Deep Learning: Math Algorithms Models,Edward Raff,10.0,https://www.amazon.com/Inside-Deep-Learning-Algorithms-Models/dp/1617298638/ref=sr_1_12?crid=2HX2SCFCK032L&keywords=deep+learning&qid=1663460453&sprefix=deep+learnin%2Caps%2C449&sr=8-12,Inside Deep Learning: Math Algorithms ModelsEdward Raff
38,Deep Generative Modeling,Jakub M. Tomczak,10.0,https://www.amazon.com/sspa/click?ie=UTF8&spc=MToxMjU1NDM5NTIwMjk1OTM0OjE2NjM0NjA0NTM6c3BfbXRmOjIwMDA1NzQyMTY0MjI5ODo6MDo6&sp_csd=d2lkZ2V0TmFtZT1zcF9tdGY&url=%2FDeep-Generative-Modeling-Jakub-Tomczak%2Fdp%2F3030931579%2Fref%3Dsr_1_34_sspa%3Fcrid%3D2HX2SCFCK032L%26keywords%3Ddeep%2Blearning%26qid%3D1663460453%26sprefix%3Ddeep%2Blearnin%252Caps%252C449%26sr%3D8-34-spons%26psc%3D1,Deep Generative ModelingJakub M. Tomczak
39,Deep Neural Evolution: Deep Learning with Evolutionary Computation (Natural Computing Series),,10.0,https://www.amazon.com/Deep-Neural-Evolution-Evolutionary-Computation/dp/9811536872/ref=sr_1_103?crid=2HX2SCFCK032L&keywords=deep+learning&qid=1663460473&sprefix=deep+learnin%2Caps%2C449&sr=8-103,Deep Neural Evolution: Deep Learning with Evolutionary Computation (Natural Computing Series)
40,Modern Deep Learning Design and Application Development: Versatile Tools to Solve Deep Learning Problems,Andre Ye,10.0,https://www.amazon.com/Modern-Learning-Design-Application-Development/dp/1484274121/ref=sr_1_147?crid=2HX2SCFCK032L&keywords=deep+learning&qid=1663460492&sprefix=deep+learnin%2Caps%2C449&sr=8-147,Modern Deep Learning Design and Application Development: Versatile Tools to Solve Deep Learning ProblemsAndre Ye
41,Machine Learning at Scale with H2O: A practical guide to building and deploying machine learning models on enterprise systems,"Gregory Keys,David Whiting",10.0,https://www.amazon.com/sspa/click?ie=UTF8&spc=MTo1MDA5MTIwMzE4NDkyNDgxOjE2NjM0NjA0OTI6c3BfbXRmOjIwMDA3Nzc5ODg1NzA5ODo6MDo6&sp_csd=d2lkZ2V0TmFtZT1zcF9tdGY&url=%2FMachine-Learning-Scale-H2O-enterprise%2Fdp%2F1800566018%2Fref%3Dsr_1_130_sspa%3Fcrid%3D2HX2SCFCK032L%26keywords%3Ddeep%2Blearning%26qid%3D1663460492%26sprefix%3Ddeep%2Blearnin%252Caps%252C449%26sr%3D8-130-spons%26psc%3D1,"Machine Learning at Scale with H2O: A practical guide to building and deploying machine learning models on enterprise systemsGregory Keys,David Whiting"
42,Deep Learning Applications of Short-range Radars,"Avik Santra,Souvik Hazra",10.0,https://www.amazon.com/Deep-Learning-Applications-Short-range-Radars/dp/1630817465/ref=sr_1_194?crid=2HX2SCFCK032L&keywords=deep+learning&qid=1663460503&sprefix=deep+learnin%2Caps%2C449&sr=8-194,"Deep Learning Applications of Short-range RadarsAvik Santra,Souvik Hazra"
43,Deep Discourse: A Framework for Cultivating Student-Led Discussions -Use Conversation to Raise Student Learning Motivation and Engagement in K-12 Classrooms,"Sandi Novak,Cara Slattery",10.0,https://www.amazon.com/Deep-Discourse-Cultivating-Student-Led-Conversation/dp/1943874026/ref=sr_1_185?crid=2HX2SCFCK032L&keywords=deep+learning&qid=1663460503&sprefix=deep+learnin%2Caps%2C449&sr=8-185,"Deep Discourse: A Framework for Cultivating Student-Led Discussions -Use Conversation to Raise Student Learning Motivation and Engagement in K-12 ClassroomsSandi Novak,Cara Slattery"
44,Embedded Deep Learning: Algorithms Architectures and Circuits for Always-on Neural Network Processing,"Bert Moons,Daniel Bankman et al.",10.0,https://www.amazon.com/Embedded-Deep-Learning-Architectures-Always/dp/303007577X/ref=sr_1_251?crid=2HX2SCFCK032L&keywords=deep+learning&qid=1663460513&sprefix=deep+learnin%2Caps%2C449&sr=8-251,"Embedded Deep Learning: Algorithms Architectures and Circuits for Always-on Neural Network ProcessingBert Moons,Daniel Bankman et al."
45,Deep Learning for Physical Scientists: Accelerating Research with Machine Learning,"Edward O. Pyzer-Knapp,Matthew Benatan",10.0,https://www.amazon.com/Deep-Learning-Physical-Scientists-Accelerating/dp/1119408334/ref=sr_1_251?crid=2HX2SCFCK032L&keywords=deep+learning&qid=1663460523&sprefix=deep+learnin%2Caps%2C449&sr=8-251,"Deep Learning for Physical Scientists: Accelerating Research with Machine LearningEdward O. Pyzer-Knapp,Matthew Benatan"
46,Autonomous Robotics and Deep Learning (SpringerBriefs in Computer Science),,10.0,https://www.amazon.com/Autonomous-Robotics-Learning-SpringerBriefs-Computer/dp/3319056026/ref=sr_1_215?crid=2HX2SCFCK032L&keywords=deep+learning&qid=1663460513&sprefix=deep+learnin%2Caps%2C449&sr=8-215,Autonomous Robotics and Deep Learning (SpringerBriefs in Computer Science)
47,Deep Learning for the Earth Sciences: A Comprehensive Approach to Remote Sensing Climate Science and Geosciences,"Gustau Camps-Valls,Devis Tuia et al.",10.0,https://www.amazon.com/Deep-Learning-Earth-Sciences-Comprehensive/dp/1119646146/ref=sr_1_150?crid=2HX2SCFCK032L&keywords=deep+learning&qid=1663460503&sprefix=deep+learnin%2Caps%2C449&sr=8-150,"Deep Learning for the Earth Sciences: A Comprehensive Approach to Remote Sensing Climate Science and GeosciencesGustau Camps-Valls,Devis Tuia et al."
48,Deep Learning in a Disorienting World,Jon F. Wergin,10.0,https://www.amazon.com/Deep-Learning-Disorienting-World-Wergin/dp/1108727158/ref=sr_1_119?crid=2HX2SCFCK032L&keywords=deep+learning&qid=1663460492&sprefix=deep+learnin%2Caps%2C449&sr=8-119,Deep Learning in a Disorienting WorldJon F. Wergin
49,Essentials of Deep Learning and AI: Experience Unsupervised Learning Autoencoders Feature Engineering and Time Series Analysis with TensorFlow Keras and scikit-learn (English Edition),"Shashidhar Soppin,Dr. Manjunath Ramachandra et al.",10.0,https://www.amazon.com/sspa/click?ie=UTF8&spc=MToxMjU1NDM5NTIwMjk1OTM0OjE2NjM0NjA0NTM6c3BfbXRmOjIwMDAzNTA2NTg4NzA5ODo6MDo6&sp_csd=d2lkZ2V0TmFtZT1zcF9tdGY&url=%2FEssentials-Deep-Learning-Unsupervised-Autoencoders%2Fdp%2F9391030351%2Fref%3Dsr_1_20_sspa%3Fcrid%3D2HX2SCFCK032L%26keywords%3Ddeep%2Blearning%26qid%3D1663460453%26sprefix%3Ddeep%2Blearnin%252Caps%252C449%26sr%3D8-20-spons%26psc%3D1,"Essentials of Deep Learning and AI: Experience Unsupervised Learning Autoencoders Feature Engineering and Time Series Analysis with TensorFlow Keras and scikit-learn (English Edition)Shashidhar Soppin,Dr. Manjunath Ramachandra et al."
50,Feature Store for Machine Learning: Curate discover share and serve ML features at scale,Jayanth Kumar M J,10.0,https://www.amazon.com/sspa/click?ie=UTF8&spc=MTo1MjMzODUwNDM1MTQ1NjU2OjE2NjM0NjQ5ODU6c3BfYXRmOjIwMDA2NTU3ODcyMzM5ODo6MDo6&sp_csd=d2lkZ2V0TmFtZT1zcF9hdGY&url=%2FFeature-Store-Machine-Learning-discover%2Fdp%2F1803230061%2Fref%3Dsr_1_4_sspa%3Fcrid%3D27NSKOKLZAT5L%26keywords%3Dmachine%2Blearning%26qid%3D1663464985%26sprefix%3Ddeep%2Blearning%252Caps%252C627%26sr%3D8-4-spons%26psc%3D1,Feature Store for Machine Learning: Curate discover share and serve ML features at scaleJayanth Kumar M J
51,Applied Machine Learning Explainability Techniques: Make ML models explainable and trustworthy for practical applications using LIME SHAP and more,Aditya Bhattacharya,10.0,https://www.amazon.com/sspa/click?ie=UTF8&spc=MTo1MjMzODUwNDM1MTQ1NjU2OjE2NjM0NjQ5ODU6c3BfYXRmOjIwMDA3NzczNjQ3Mjg5ODo6MDo6&sp_csd=d2lkZ2V0TmFtZT1zcF9hdGY&url=%2FApplied-Machine-Learning-Explainability-Techniques%2Fdp%2F1803246154%2Fref%3Dsr_1_3_sspa%3Fcrid%3D27NSKOKLZAT5L%26keywords%3Dmachine%2Blearning%26qid%3D1663464985%26sprefix%3Ddeep%2Blearning%252Caps%252C627%26sr%3D8-3-spons%26psc%3D1,Applied Machine Learning Explainability Techniques: Make ML models explainable and trustworthy for practical applications using LIME SHAP and moreAditya Bhattacharya
52,Machine Learning for Streaming Data with Python: Rapidly build practical online machine learning solutions using River and other top key frameworks,Joos Korstanje,10.0,https://www.amazon.com/Machine-Learning-Streaming-Data-Python/dp/180324836X/ref=sr_1_102?crid=27NSKOKLZAT5L&keywords=machine+learning&qid=1663464998&sprefix=deep+learning%2Caps%2C627&sr=8-102,Machine Learning for Streaming Data with Python: Rapidly build practical online machine learning solutions using River and other top key frameworksJoos Korstanje
53,Machine Learning Engineering in Action,Ben Wilson,10.0,https://www.amazon.com/Machine-Learning-Engineering-Action-Wilson/dp/1617298719/ref=sr_1_97?crid=27NSKOKLZAT5L&keywords=machine+learning&qid=1663464998&sprefix=deep+learning%2Caps%2C627&sr=8-97,Machine Learning Engineering in ActionBen Wilson
54,Introduction to Statistical and Machine Learning Methods for Data Science,"Dr. Carlos Andre Reis Andre Reis Pinheiro,Mike Patetta",10.0,https://www.amazon.com/Introduction-Statistical-Machine-Learning-Methods/dp/1953329608/ref=sr_1_93?crid=27NSKOKLZAT5L&keywords=machine+learning&qid=1663464998&sprefix=deep+learning%2Caps%2C627&sr=8-93,"Introduction to Statistical and Machine Learning Methods for Data ScienceDr. Carlos Andre Reis Andre Reis Pinheiro,Mike Patetta"
55,Machine Learning Guide for Oil and Gas Using Python: A Step--Step Breakdown with Data Algorithms Codes and Applications,"Hoss Belyadi,Alireza Haghighat",10.0,https://www.amazon.com/Machine-Learning-Guide-Using-Python/dp/0128219297/ref=sr_1_141?crid=27NSKOKLZAT5L&keywords=machine+learning&qid=1663465010&sprefix=deep+learning%2Caps%2C627&sr=8-141,"Machine Learning Guide for Oil and Gas Using Python: A Step--Step Breakdown with Data Algorithms Codes and ApplicationsHoss Belyadi,Alireza Haghighat"
56,Automated Machine Learning for Business,"Kai R. Larsen,Daniel S. Becker",10.0,https://www.amazon.com/Automated-Machine-Learning-Business-Larsen/dp/0190941669/ref=sr_1_142?crid=27NSKOKLZAT5L&keywords=machine+learning&qid=1663465010&sprefix=deep+learning%2Caps%2C627&sr=8-142,"Automated Machine Learning for BusinessKai R. Larsen,Daniel S. Becker"
57,Mastering Azure Machine Learning: Execute large-scale end-to-end machine learning with Azure 2nd Edition,"Christoph Korner,Marcel Alsdorf",10.0,https://www.amazon.com/Mastering-Azure-Machine-Learning-end/dp/1803232412/ref=sr_1_134?crid=27NSKOKLZAT5L&keywords=machine+learning&qid=1663465010&sprefix=deep+learning%2Caps%2C627&sr=8-134,"Mastering Azure Machine Learning: Execute large-scale end-to-end machine learning with Azure 2nd EditionChristoph Korner,Marcel Alsdorf"
58,Data Cleaning and Exploration with Machine Learning: Get to grips with machine learning techniques to achieve sparkling-clean data quickly,Michael Walker,10.0,https://www.amazon.com/Data-Cleaning-Exploration-Machine-Learning/dp/1803241675/ref=sr_1_194?crid=27NSKOKLZAT5L&keywords=machine+learning&qid=1663465028&sprefix=deep+learning%2Caps%2C627&sr=8-194,Data Cleaning and Exploration with Machine Learning: Get to grips with machine learning techniques to achieve sparkling-clean data quicklyMichael Walker
59,Text Data Mining,"Chengqing Zong,Rui Xia et al.",10.0,https://www.amazon.com/Text-Data-Mining-Chengqing-Zong/dp/9811600996/ref=sr_1_300?crid=27NSKOKLZAT5L&keywords=machine+learning&qid=1663465052&sprefix=deep+learning%2Caps%2C627&sr=8-300,"Text Data MiningChengqing Zong,Rui Xia et al."
60,A Primer on Machine Learning in Subsurface Geosciences (SpringerBriefs in Petroleum Geoscience & Engineering),,10.0,https://www.amazon.com/Subsurface-Geosciences-SpringerBriefs-Geoscience-Engineering/dp/3030717674/ref=sr_1_224?crid=27NSKOKLZAT5L&keywords=machine+learning&qid=1663465040&sprefix=deep+learning%2Caps%2C627&sr=8-224,A Primer on Machine Learning in Subsurface Geosciences (SpringerBriefs in Petroleum Geoscience & Engineering)
61,Data Algorithms with Spark: Recipes and Design Patterns for Scaling Up using PySpark,Mahmoud Parsian,10.0,https://www.amazon.com/Data-Algorithms-Spark-Recipes-Patterns/dp/1492082384/ref=sr_1_156?crid=27NSKOKLZAT5L&keywords=machine+learning&qid=1663465028&sprefix=deep+learning%2Caps%2C627&sr=8-156,Data Algorithms with Spark: Recipes and Design Patterns for Scaling Up using PySparkMahmoud Parsian
62,Practical Simulations for Machine Learning: Using Synthetic Data for AI,"Paris Buttfield-Addison,Mars Buttfield-Addison et al.",10.0,https://www.amazon.com/Practical-Simulations-Machine-Learning-Synthetic/dp/1492089923/ref=sr_1_55?crid=27NSKOKLZAT5L&keywords=machine+learning&qid=1663464998&sprefix=deep+learning%2Caps%2C627&sr=8-55,"Practical Simulations for Machine Learning: Using Synthetic Data for AIParis Buttfield-Addison,Mars Buttfield-Addison et al."
63,Machine Learning: A First Course for Engineers and Scientists,"Andreas Lindholm,Niklas WahlstrÃ¶m et al.",10.0,https://www.amazon.com/sspa/click?ie=UTF8&spc=MTo1MjMzODUwNDM1MTQ1NjU2OjE2NjM0NjQ5ODU6c3BfbXRmOjIwMDA3MzYzMzQ5MDM5ODo6MDo6&sp_csd=d2lkZ2V0TmFtZT1zcF9tdGY&url=%2FMachine-Learning-Course-Engineers-Scientists%2Fdp%2F1108843603%2Fref%3Dsr_1_17_sspa%3Fcrid%3D27NSKOKLZAT5L%26keywords%3Dmachine%2Blearning%26qid%3D1663464985%26sprefix%3Ddeep%2Blearning%252Caps%252C627%26sr%3D8-17-spons%26psc%3D1,"Machine Learning: A First Course for Engineers and ScientistsAndreas Lindholm,Niklas WahlstrÃ¶m et al."
64,Mathematical Logic through Python,Gonczarowski Yannai A.,10.0,https://www.amazon.com/Mathematical-through-Python-Yannai-Gonczarowski/dp/1108949479/ref=sr_1_52?keywords=python&qid=1663459261&sr=8-52,Mathematical Logic through PythonGonczarowski Yannai A.
65,Django 4 Example: Build powerful and reliable Python web applications from scratch 4th Edition,"Antonio Mele,Bob Belderbos",10.0,https://www.amazon.com/Django-Example-powerful-reliable-applications/dp/1801813051/ref=sr_1_105?keywords=python&qid=1663459274&sr=8-105,"Django 4 Example: Build powerful and reliable Python web applications from scratch 4th EditionAntonio Mele,Bob Belderbos"
66,Computational Cell Physiology: With Examples In Python,Stephen M Baylor,10.0,https://www.amazon.com/Computational-Cell-Physiology-Examples-Python/dp/1661705146/ref=sr_1_87?keywords=python&qid=1663459274&sr=8-87,Computational Cell Physiology: With Examples In PythonStephen M Baylor
67,El lenguaje de programaciÃƒÆ’Ã‚Â³n Python de principio a fin (Spanish Edition),Angel Pablo Hinojosa GutiÃ©rrez,10.0,https://www.amazon.com/lenguaje-programaci%C3%B3n-Python-principio-Spanish/dp/B0B5Q283BL/ref=sr_1_150?keywords=python&qid=1663459285&sr=8-150,El lenguaje de programaciÃƒÆ’Ã‚Â³n Python de principio a fin (Spanish Edition)Angel Pablo Hinojosa GutiÃ©rrez
68,Python Programming and Visualization for Scientists,"Alex Decaria,Grant W Petty et al.",10.0,https://www.amazon.com/Python-Programming-Visualization-Scientists-Decaria/dp/0972903356/ref=sr_1_249?keywords=python&qid=1663459313&sr=8-249,"Python Programming and Visualization for ScientistsAlex Decaria,Grant W Petty et al."
69,Mastering Python for Bioinformatics: How to Write Flexible Documented Tested Python Code for Research Computing,Ken Youens-Clark,10.0,https://www.amazon.com/Mastering-Python-Bioinformatics-Documented-Computing/dp/1098100883/ref=sr_1_248?keywords=python&qid=1663459313&sr=8-248,Mastering Python for Bioinformatics: How to Write Flexible Documented Tested Python Code for Research ComputingKen Youens-Clark
70,Intuitive Python: Productive Development for Projects that Last,David Muller,10.0,https://www.amazon.com/Intuitive-Python-Productive-Development-Projects/dp/1680508237/ref=sr_1_234?keywords=python&qid=1663459313&sr=8-234,Intuitive Python: Productive Development for Projects that LastDavid Muller
71,Using Python for Principles of Econometrics,Constantin Colonescu,10.0,https://www.amazon.com/Python-Principles-Econometrics-Constantin-Colonescu/dp/B09NGXSYKD/ref=sr_1_292?keywords=python&qid=1663459326&sr=8-292,Using Python for Principles of EconometricsConstantin Colonescu
72,Hyperparameter Tuning with Python: Boost your machine learning models performance via hyperparameter tuning,Louis Owen,10.0,https://www.amazon.com/Hyperparameter-Tuning-Python-performance-hyperparameter/dp/180323587X/ref=sr_1_278?keywords=python&qid=1663459326&sr=8-278,Hyperparameter Tuning with Python: Boost your machine learning models performance via hyperparameter tuningLouis Owen
73,The Pythonic Way: An ArchitectÃƒÂ¢Ã¢â€šÂ¬Ã¢â€žÂ¢s Guide to Conventions and Best Practices for the Design Development Testing and Management of Enterprise Python Code (English Edition),Sonal Raj,10.0,https://www.amazon.com/gp/slredirect/picassoRedirect.html/ref=pa_sp_mtf_aps_sr_pg6_1?ie=UTF8&adId=A0969065UFVJ0BRWCPS0&url=%2FPythonic-Way-Architects-Conventions-Development%2Fdp%2F9391030122%2Fref%3Dsr_1_276_sspa%3Fkeywords%3Dpython%26qid%3D1663459326%26sr%3D8-276-spons%26psc%3D1&qualifier=1663459326&id=6192604472233120&widgetName=sp_mtf,The Pythonic Way: An ArchitectÃƒÂ¢Ã¢â€šÂ¬Ã¢â€žÂ¢s Guide to Conventions and Best Practices for the Design Development Testing and Management of Enterprise Python Code (English Edition)Sonal Raj
74,Programming ArcGIS Pro with Python (2nd Edition),Eric Pimpler,10.0,https://www.amazon.com/Programming-ArcGIS-Pro-Python-2nd/dp/B092XJP26H/ref=sr_1_256?keywords=python&qid=1663459326&sr=8-256,Programming ArcGIS Pro with Python (2nd Edition)Eric Pimpler
75,Foundations of Statistics for Data Scientists: With R and Python (Chapman & Hall/CRC Texts in Statistical Science),,10.0,https://www.amazon.com/Foundations-Statistics-Data-Scientists-Statistical/dp/0367748452/ref=sr_1_250?keywords=python&qid=1663459326&sr=8-250,Foundations of Statistics for Data Scientists: With R and Python (Chapman & Hall/CRC Texts in Statistical Science)
76,Hands-On Data Preprocessing in Python: Learn how to effectively prepare data for successful data analytics,Roy Jafari,10.0,https://www.amazon.com/gp/slredirect/picassoRedirect.html/ref=pa_sp_mtf_aps_sr_pg4_1?ie=UTF8&adId=A03190142Z9SWWU2462BM&url=%2FHands-Data-Preprocessing-Python-effectively%2Fdp%2F1801072132%2Fref%3Dsr_1_163_sspa%3Fkeywords%3Dpython%26qid%3D1663459301%26sr%3D8-163-spons%26psc%3D1&qualifier=1663459301&id=4885880324769557&widgetName=sp_mtf,Hands-On Data Preprocessing in Python: Learn how to effectively prepare data for successful data analyticsRoy Jafari
77,The Recursive Book of Recursion: Ace the Coding Interview with Python and JavaScript,Al Sweigart,10.0,https://www.amazon.com/Recursive-Book-Recursion-Interview-Javascript/dp/1718502028/ref=sr_1_79?keywords=python&qid=1663459274&sr=8-79,The Recursive Book of Recursion: Ace the Coding Interview with Python and JavaScriptAl Sweigart
78,Painless Statistics (Barrons Painless),Patrick Honner,10.0,https://www.amazon.com/Painless-Statistics-Barrons-Patrick-Honner/dp/1506281583/ref=sr_1_30?crid=34NU2WDUOI6UY&keywords=statistics&qid=1663452985&sprefix=statisti%2Caps%2C263&sr=8-30,Painless Statistics (Barrons Painless)Patrick Honner
79,Statistics Made Simple for School Leaders: A New Approach for Using Student Staff and Community Data 3rd Edition,"Susan Rovezzi Carroll,David J. Carroll",10.0,https://www.amazon.com/Statistics-Made-Simple-School-Leaders/dp/1475863217/ref=sr_1_125?crid=34NU2WDUOI6UY&keywords=statistics&qid=1663453014&sprefix=statisti%2Caps%2C263&sr=8-125,"Statistics Made Simple for School Leaders: A New Approach for Using Student Staff and Community Data 3rd EditionSusan Rovezzi Carroll,David J. Carroll"
80,Even You Can Learn Statistics and Analytics: An Easy to Understand Guide (Pearson Business Analytics Series),"David M Levine,David F Stephan",10.0,https://www.amazon.com/Even-You-Learn-Statistics-Analytics/dp/0137654766/ref=sr_1_60?crid=34NU2WDUOI6UY&keywords=statistics&qid=1663453001&sprefix=statisti%2Caps%2C263&sr=8-60,"Even You Can Learn Statistics and Analytics: An Easy to Understand Guide (Pearson Business Analytics Series)David M Levine,David F Stephan"
81,Applied Data Science: Lessons Learned for the Data-Driven Business,"Martin Braschler,Thilo Stadelmann et al.",0.0,https://www.amazon.com/Applied-Data-Science-Data-Driven-Business/dp/3030118207/ref=sr_1_264?crid=2YKZLS0CJFDGI&keywords=data+science&qid=1663448047&sprefix=data+science%2Caps%2C828&sr=8-264,"Applied Data Science: Lessons Learned for the Data-Driven BusinessMartin Braschler,Thilo Stadelmann et al."
82,Â Stephen J. WrightÂ andÂ Benjamin,,10.0,,Â Stephen J. WrightÂ andÂ Benjamin
83,Python for Data Science: A Hands-On Introduction,Yuli Vasiliev,10.0,,Python for Data Science: A Hands-On IntroductionYuli Vasiliev
84,How to Lead in Data Science,Â Jike ChongÂ andÂ Yue Cathy Ch,10.0,,How to Lead in Data ScienceÂ Jike ChongÂ andÂ Yue Cathy Ch
85,"Data-Driven Science and Engineering: Machine Learning, Dynamical Systems, and Control",Â Steven L. BruntonÂ andÂ J. Nathan,10.0,,"Data-Driven Science and Engineering: Machine Learning, Dynamical Systems, and ControlÂ Steven L. BruntonÂ andÂ J. Nathan"
86,"Cleaning Data for Effective Data Science: Doing the other 80% of the work with Python, R, and command-line tools",Â David Mertz,10.0,,"Cleaning Data for Effective Data Science: Doing the other 80% of the work with Python, R, and command-line toolsÂ David Mertz"
87,Data Science and Machine Learning: Mathematical and Statistical Methods (Chapman & Hall/CRC Machine Learning,"Â Mark Girolami (Author) ,Â Zhi-Hua Zhou (Author) ,Â Haiping Lu (Author) ,Â Konstantinos N. Plataniotis (Author) ,Â ",10.0,,"Data Science and Machine Learning: Mathematical and Statistical Methods (Chapman & Hall/CRC Machine LearningÂ Mark Girolami (Author) ,Â Zhi-Hua Zhou (Author) ,Â Haiping Lu (Author) ,Â Konstantinos N. Plataniotis (Author) ,Â "
88,Human-Centered Data Science: An Introduction,"Â Cecilia AragonÂ ,Â Shion Guha,Â ",10.0,,"Human-Centered Data Science: An IntroductionÂ Cecilia AragonÂ ,Â Shion Guha,Â "
89,Out of Remote Control (7) (The DATA Set),Ada HopperÂ andÂ Graham Ros,10.0,,Out of Remote Control (7) (The DATA Set)Ada HopperÂ andÂ Graham Ros
90,Handbook of Univariate and Multivariate Data Analysis with IBM SPSS,Â Robert Ho,10.0,,Handbook of Univariate and Multivariate Data Analysis with IBM SPSSÂ Robert Ho
91,"Designing Data-Intensive Applications: The Big Ideas Behind Reliable, Scalable, and Maintainable Systems",Â Martin KleppmannÂ ,10.0,,"Designing Data-Intensive Applications: The Big Ideas Behind Reliable, Scalable, and Maintainable SystemsÂ Martin KleppmannÂ "
92,Deep Learning for Coders with Fastai and PyTorch: AI Applications Without a PhD,Â Jeremy HowardÂ andÂ Sylvain Gugge,10.0,,Deep Learning for Coders with Fastai and PyTorch: AI Applications Without a PhDÂ Jeremy HowardÂ andÂ Sylvain Gugge
93,Advanced Analytics with PySpark: Patterns for Learning from Data at Scale Using Python and Spark,"Â Akash TandonÂ ,Â Sandy Ryza",10.0,,"Advanced Analytics with PySpark: Patterns for Learning from Data at Scale Using Python and SparkÂ Akash TandonÂ ,Â Sandy Ryza"
94,"Data Science Interview: Prep for SQL, Panda, Python, R Language, Machine Learning, DBMS and RDBMS â€“ And Mor",Â DSI ACE PREP,10.0,,"Data Science Interview: Prep for SQL, Panda, Python, R Language, Machine Learning, DBMS and RDBMS â€“ And MorÂ DSI ACE PREP"
95,SQL for Data Analysis: Advanced Techniques for Transforming Data into Insights,Cathy Tanimura,10.0,,SQL for Data Analysis: Advanced Techniques for Transforming Data into InsightsCathy Tanimura
96,"Hands-On Machine Learning with Scikit-Learn, Keras, and TensorFlow: Concepts, Tools, and Techniques to Build",AurÃ©lien GÃ©ron,10.0,,"Hands-On Machine Learning with Scikit-Learn, Keras, and TensorFlow: Concepts, Tools, and Techniques to BuildAurÃ©lien GÃ©ron"
97,Data Juice: 101 Stories of How Organizations Are Squeezing Value from Available Data Assets,Â Douglas B. Laney,10.0,,Data Juice: 101 Stories of How Organizations Are Squeezing Value from Available Data AssetsÂ Douglas B. Laney
98,Qualitative Data Analysis: A Methods Sourcebook,"yÂ Matthew B. Miles,Â A. Michael Huberman,",10.0,,"Qualitative Data Analysis: A Methods SourcebookyÂ Matthew B. Miles,Â A. Michael Huberman,"
99,Deep Learning for Coders with Fastai and PyTorch: AI Applications Without a PhD,Jeremy HowardÂ andÂ Sylvain Gugger,10.0,,Deep Learning for Coders with Fastai and PyTorch: AI Applications Without a PhDJeremy HowardÂ andÂ Sylvain Gugger
100,Data Science (The MIT Press Essential Knowledge series),KelleherÂ andÂ Brendan Tierney,10.0,,Data Science (The MIT Press Essential Knowledge series)KelleherÂ andÂ Brendan Tierney
101,Programming Machine Learning: From Coding to Deep Learning,Paolo PerrottaÂ ,10.0,,Programming Machine Learning: From Coding to Deep LearningPaolo PerrottaÂ 
102,The StatQuest Illustrated Guide To Machine Learning,Josh Starmer PhD,10.0,,The StatQuest Illustrated Guide To Machine LearningJosh Starmer PhD
103,Deep Learning with JavaScript: Neural networks in TensorFlow.js,"Shanqing CaiÂ ,Â Stan Bileschi",10.0,,"Deep Learning with JavaScript: Neural networks in TensorFlow.jsShanqing CaiÂ ,Â Stan Bileschi"
104,"Introduction to Machine Learning, fourth edition (Adaptive Computation and Machine Learning series)",Ethem Alpaydin,10.0,,"Introduction to Machine Learning, fourth edition (Adaptive Computation and Machine Learning series)Ethem Alpaydin"
105,Data Science Programming All-in-One For Dummies,John Paul Mueller and Luca Massaron,10.0,,Data Science Programming All-in-One For DummiesJohn Paul Mueller and Luca Massaron
106,Natural Language Processing: A Machine Learning Perspective,Yue ZhangÂ andÂ Zhiyang Teng,10.0,,Natural Language Processing: A Machine Learning PerspectiveYue ZhangÂ andÂ Zhiyang Teng
107,Blueprints for Text Analytics Using Python: Machine Learning-Based Solutions for Common Real World (NLP),"Jens AlbrechtÂ ,Â Sidharth RamachandranÂ ",10.0,,"Blueprints for Text Analytics Using Python: Machine Learning-Based Solutions for Common Real World (NLP)Jens AlbrechtÂ ,Â Sidharth RamachandranÂ "
108,Pandas in Action,Boris PaskhaverÂ ,10.0,,Pandas in ActionBoris PaskhaverÂ 
109,Your First App: Node.js,,10.0,,Your First App: Node.js
